{"cameraMode":{"drawMode":0,"name":"Shaded","section":"Shading Mode"},"sceneLighting":true,"audioPlay":false,"sceneViewState":{"m_AlwaysRefresh":false,"showFog":true,"showSkybox":true,"showFlares":true,"showImageEffects":true,"showParticleSystems":true,"showVisualEffectGraphs":true,"m_FxEnabled":false},"in2DMode":false,"pivot":{"x":3.0176773071289064,"y":-0.38116252422332766,"z":0.2159150242805481},"rotation":{"x":-0.008457361720502377,"y":0.9888937473297119,"z":-0.13462941348552705,"w":-0.0620836541056633},"size":3.2369730472564699,"orthographic":false}